QME95FSI9UO2QD5OB,Capitulo1,Sinopsis 1,http://QME95FSI9UO2QD5OB/Capitulo1,
UJJ01CML4EA6FT8KT,Capitulo1,Sinopsis 1,http://UJJ01CML4EA6FT8KT/Capitulo1,
VIL77OJZ8YW5JN9NX,Capitulo1,Sinopsis 1,http://VIL77OJZ8YW5JN9NX/Capitulo1,
TKG17QXX9OG1PH0KP,Capitulo1,Sinopsis 1,http://TKG17QXX9OG1PH0KP/Capitulo1,
REY11SNB8TZ1WL3UR,Capitulo1,Sinopsis 1,http://REY11SNB8TZ1WL3UR/Capitulo1,
PSW30AWT1CP6HG3YY,Capitulo1,Sinopsis 1,http://PSW30AWT1CP6HG3YY/Capitulo1,
IUA89ETA3GV3OT1UZ,Capitulo1,Sinopsis 1,http://IUA89ETA3GV3OT1UZ/Capitulo1,
UAQ08YWV5BQ8WR8AE,Capitulo1,Sinopsis 1,http://UAQ08YWV5BQ8WR8AE/Capitulo1,
JQZ96SJP9CB9DL1EF,Capitulo1,Sinopsis 1,http://JQZ96SJP9CB9DL1EF/Capitulo1,
YON08UPV9BF8ZE0GX,Capitulo1,Sinopsis 1,http://YON08UPV9BF8ZE0GX/Capitulo1,
OYJ90XCH7BO7KA0OT,Capitulo1,Sinopsis 1,http://OYJ90XCH7BO7KA0OT/Capitulo1,
AED41YGJ9QI8DE5SV,Capitulo1,Sinopsis 1,http://AED41YGJ9QI8DE5SV/Capitulo1,
RRS31OFU6IU5JD4QR,Capitulo1,Sinopsis 1,http://RRS31OFU6IU5JD4QR/Capitulo1,
JQT00LRP2GO1JC6TK,Capitulo1,Sinopsis 1,http://JQT00LRP2GO1JC6TK/Capitulo1,
ZUS41LDS7YE5NW3XZ,Capitulo1,Sinopsis 1,http://ZUS41LDS7YE5NW3XZ/Capitulo1,
CUF69RVJ6GU8OW0FB,Capitulo1,Sinopsis 1,http://CUF69RVJ6GU8OW0FB/Capitulo1,
BDX62CCF0MU6DK2MQ,Capitulo1,Sinopsis 1,http://BDX62CCF0MU6DK2MQ/Capitulo1,
JSM57VZJ2LP6KB9RO,Capitulo1,Sinopsis 1,http://JSM57VZJ2LP6KB9RO/Capitulo1,
CLO65IQO1RD5YO2LY,Capitulo1,Sinopsis 1,http://CLO65IQO1RD5YO2LY/Capitulo1,
ZRR00VUA1WS2TS0KE,Capitulo1,Sinopsis 1,http://ZRR00VUA1WS2TS0KE/Capitulo1,
RNF82DBG3MR4TW9IR,Capitulo1,Sinopsis 1,http://RNF82DBG3MR4TW9IR/Capitulo1,
APW07IUP6UN6ZE1AT,Capitulo1,Sinopsis 1,http://APW07IUP6UN6ZE1AT/Capitulo1,
OXJ08KMI9IL0VA8GM,Capitulo1,Sinopsis 1,http://OXJ08KMI9IL0VA8GM/Capitulo1,
YUW53DMP9DA4VK1OT,Capitulo1,Sinopsis 1,http://YUW53DMP9DA4VK1OT/Capitulo1,
KXW18CIY5FI5ME0PL,Capitulo1,Sinopsis 1,http://KXW18CIY5FI5ME0PL/Capitulo1,
FHR70WTM3EO0OD9DK,Capitulo1,Sinopsis 1,http://FHR70WTM3EO0OD9DK/Capitulo1,
IRP43GZD6EC9EZ4ZA,Capitulo1,Sinopsis 1,http://IRP43GZD6EC9EZ4ZA/Capitulo1,
DFQ17ZRS3UG4EF4FE,Capitulo1,Sinopsis 1,http://DFQ17ZRS3UG4EF4FE/Capitulo1,
KAD52BCD3YM1QD6DJ,Capitulo1,Sinopsis 1,http://KAD52BCD3YM1QD6DJ/Capitulo1,
AUF30OIR4DN3ZW8WQ,Capitulo1,Sinopsis 1,http://AUF30OIR4DN3ZW8WQ/Capitulo1,
ZJN64LCB5CW0ZJ7TH,Capitulo1,Sinopsis 1,http://ZJN64LCB5CW0ZJ7TH/Capitulo1,
LVW21JRF5QP8ZB7EJ,Capitulo1,Sinopsis 1,http://LVW21JRF5QP8ZB7EJ/Capitulo1,
KYO95PQG3XM9OJ8FR,Capitulo1,Sinopsis 1,http://KYO95PQG3XM9OJ8FR/Capitulo1,
NJI32YCS4YU3LI3YG,Capitulo1,Sinopsis 1,http://NJI32YCS4YU3LI3YG/Capitulo1,
KZT49SOS8QJ5SJ2ZY,Capitulo1,Sinopsis 1,http://KZT49SOS8QJ5SJ2ZY/Capitulo1,
EER21HCY8JR1PW6EG,Capitulo1,Sinopsis 1,http://EER21HCY8JR1PW6EG/Capitulo1,
RRN22FQR8QX8WI4PM,Capitulo1,Sinopsis 1,http://RRN22FQR8QX8WI4PM/Capitulo1,
VNA26GSI9PI4CH8GK,Capitulo1,Sinopsis 1,http://VNA26GSI9PI4CH8GK/Capitulo1,
SYE06JVH6FY8GN7GE,Capitulo1,Sinopsis 1,http://SYE06JVH6FY8GN7GE/Capitulo1,
NBI54TJM1TZ2NK9QN,Capitulo1,Sinopsis 1,http://NBI54TJM1TZ2NK9QN/Capitulo1,
KDG94PFB2WC4UM4JD,Capitulo1,Sinopsis 1,http://KDG94PFB2WC4UM4JD/Capitulo1,
GWT12KNH6MV7DH2GO,Capitulo1,Sinopsis 1,http://GWT12KNH6MV7DH2GO/Capitulo1,
ZIB70ACW2IY1BC5YV,Capitulo1,Sinopsis 1,http://ZIB70ACW2IY1BC5YV/Capitulo1,
NFK13RXD4HR7UH0BM,Capitulo1,Sinopsis 1,http://NFK13RXD4HR7UH0BM/Capitulo1,
DBF04IUR6LO8PQ8PG,Capitulo1,Sinopsis 1,http://DBF04IUR6LO8PQ8PG/Capitulo1,
SJB94KSS0ME0WC7YV,Capitulo1,Sinopsis 1,http://SJB94KSS0ME0WC7YV/Capitulo1,
HLD48YUQ5QL7IP4CJ,Capitulo1,Sinopsis 1,http://HLD48YUQ5QL7IP4CJ/Capitulo1,
UTX86APU3GG8TD3QK,Capitulo1,Sinopsis 1,http://UTX86APU3GG8TD3QK/Capitulo1,
FAE66WGD6QA1UJ2MU,Capitulo1,Sinopsis 1,http://FAE66WGD6QA1UJ2MU/Capitulo1,
HHR34GOT8RJ6VJ8WX,Capitulo1,Sinopsis 1,http://HHR34GOT8RJ6VJ8WX/Capitulo1,
ZTJ96HBF2ZY5MB2KL,Capitulo1,Sinopsis 1,http://ZTJ96HBF2ZY5MB2KL/Capitulo1,
GQS32RVU9MZ0ZL8MC,Capitulo1,Sinopsis 1,http://GQS32RVU9MZ0ZL8MC/Capitulo1,
XWE00UYE2UI4WE1YG,Capitulo1,Sinopsis 1,http://XWE00UYE2UI4WE1YG/Capitulo1,
RTX34RXN4CH7OG4ME,Capitulo1,Sinopsis 1,http://RTX34RXN4CH7OG4ME/Capitulo1,
CBJ84TJI0WB0KK7KU,Capitulo1,Sinopsis 1,http://CBJ84TJI0WB0KK7KU/Capitulo1,
XVO84IPE3AG2PF9IM,Capitulo1,Sinopsis 1,http://XVO84IPE3AG2PF9IM/Capitulo1,
LOG93WLV2MA5KY6DG,Capitulo1,Sinopsis 1,http://LOG93WLV2MA5KY6DG/Capitulo1,
NYQ39PVW3KH4QN6PG,Capitulo1,Sinopsis 1,http://NYQ39PVW3KH4QN6PG/Capitulo1,
BSB41OKC5NA4DG0RF,Capitulo1,Sinopsis 1,http://BSB41OKC5NA4DG0RF/Capitulo1,
AUF54BLV7CS1AJ8TO,Capitulo1,Sinopsis 1,http://AUF54BLV7CS1AJ8TO/Capitulo1,
TOA00UZS9CM2VF1ZI,Capitulo1,Sinopsis 1,http://TOA00UZS9CM2VF1ZI/Capitulo1,
XIB02YCO2ZD3SO2LX,Capitulo1,Sinopsis 1,http://XIB02YCO2ZD3SO2LX/Capitulo1,
WYB24IMX6VE0YT7PN,Capitulo1,Sinopsis 1,http://WYB24IMX6VE0YT7PN/Capitulo1,
KNT18UWF3SG9CG6OL,Capitulo1,Sinopsis 1,http://KNT18UWF3SG9CG6OL/Capitulo1,
XGW81CIA8SZ8PY3EJ,Capitulo1,Sinopsis 1,http://XGW81CIA8SZ8PY3EJ/Capitulo1,
ZSI11CZQ4LT4OP8IT,Capitulo1,Sinopsis 1,http://ZSI11CZQ4LT4OP8IT/Capitulo1,
ZVW24ZLK9LP6IS7KT,Capitulo1,Sinopsis 1,http://ZVW24ZLK9LP6IS7KT/Capitulo1,
ZAB14VZJ1HQ6CH5VA,Capitulo1,Sinopsis 1,http://ZAB14VZJ1HQ6CH5VA/Capitulo1,
EMS30HDN6KC8DH4JD,Capitulo1,Sinopsis 1,http://EMS30HDN6KC8DH4JD/Capitulo1,
NST63TBU9HF4HI4WW,Capitulo1,Sinopsis 1,http://NST63TBU9HF4HI4WW/Capitulo1,
OBT67PQE8DP6JR2OL,Capitulo1,Sinopsis 1,http://OBT67PQE8DP6JR2OL/Capitulo1,
PXK71RAS0MW5EV3BQ,Capitulo1,Sinopsis 1,http://PXK71RAS0MW5EV3BQ/Capitulo1,
NSK05XJI2RQ8ZL8CD,Capitulo1,Sinopsis 1,http://NSK05XJI2RQ8ZL8CD/Capitulo1,
LXD86CTU0SR7IM5HT,Capitulo1,Sinopsis 1,http://LXD86CTU0SR7IM5HT/Capitulo1,
EOK21JUK9XY1FV1JK,Capitulo1,Sinopsis 1,http://EOK21JUK9XY1FV1JK/Capitulo1,
ISO31GVK8HF5ZV9IH,Capitulo1,Sinopsis 1,http://ISO31GVK8HF5ZV9IH/Capitulo1,
IOB05OOC2TP7LF7PJ,Capitulo1,Sinopsis 1,http://IOB05OOC2TP7LF7PJ/Capitulo1,
JMX67ZHF1EW3VW4DY,Capitulo1,Sinopsis 1,http://JMX67ZHF1EW3VW4DY/Capitulo1,
QJK28WTG4FY2BY5IR,Capitulo1,Sinopsis 1,http://QJK28WTG4FY2BY5IR/Capitulo1,
FUQ01SVD7RB9IC3EW,Capitulo1,Sinopsis 1,http://FUQ01SVD7RB9IC3EW/Capitulo1,
EMF69IGF1KF1UK2XO,Capitulo1,Sinopsis 1,http://EMF69IGF1KF1UK2XO/Capitulo1,
KDW72QUZ9PT8YV4KE,Capitulo1,Sinopsis 1,http://KDW72QUZ9PT8YV4KE/Capitulo1,
BWQ02BZB8CW0WH2YG,Capitulo1,Sinopsis 1,http://BWQ02BZB8CW0WH2YG/Capitulo1,
VDW67SWL5KZ1PR8CY,Capitulo1,Sinopsis 1,http://VDW67SWL5KZ1PR8CY/Capitulo1,
EVZ43FRW9LF1FY3AR,Capitulo1,Sinopsis 1,http://EVZ43FRW9LF1FY3AR/Capitulo1,
KNH85NOQ8ZJ7GW7IP,Capitulo1,Sinopsis 1,http://KNH85NOQ8ZJ7GW7IP/Capitulo1,
FDH79LYA3YN4UF9OL,Capitulo1,Sinopsis 1,http://FDH79LYA3YN4UF9OL/Capitulo1,
UTI44SIA5SU9NJ4FT,Capitulo1,Sinopsis 1,http://UTI44SIA5SU9NJ4FT/Capitulo1,
AWK52ZMS0UJ2IH2BC,Capitulo1,Sinopsis 1,http://AWK52ZMS0UJ2IH2BC/Capitulo1,
BHX63DXL7FM7VH0QE,Capitulo1,Sinopsis 1,http://BHX63DXL7FM7VH0QE/Capitulo1,
GAM02EGU1XZ0TM0JZ,Capitulo1,Sinopsis 1,http://GAM02EGU1XZ0TM0JZ/Capitulo1,
RLI46OTO8ET2CD1QC,Capitulo1,Sinopsis 1,http://RLI46OTO8ET2CD1QC/Capitulo1,
TFK64GIM5XH6HK2BU,Capitulo1,Sinopsis 1,http://TFK64GIM5XH6HK2BU/Capitulo1,
JLP13OJN1YH5YE7BY,Capitulo1,Sinopsis 1,http://JLP13OJN1YH5YE7BY/Capitulo1,
NPX52SJX5CF3AV1LD,Capitulo1,Sinopsis 1,http://NPX52SJX5CF3AV1LD/Capitulo1,
OSM76VIS1MY6SC5RD,Capitulo1,Sinopsis 1,http://OSM76VIS1MY6SC5RD/Capitulo1,
GFS51QDV4NZ5VC3EK,Capitulo1,Sinopsis 1,http://GFS51QDV4NZ5VC3EK/Capitulo1,
YHP32CBB9SI9LK9WO,Capitulo1,Sinopsis 1,http://YHP32CBB9SI9LK9WO/Capitulo1,
DOP76OKU0OE7UA7RP,Capitulo1,Sinopsis 1,http://DOP76OKU0OE7UA7RP/Capitulo1,
TQL90KHX8YH3XH8SD,Capitulo1,Sinopsis 1,http://TQL90KHX8YH3XH8SD/Capitulo1,
QME95FSI9UO2QD5OB,Capitulo2,Sinopsis 2,http://QME95FSI9UO2QD5OB/Capitulo2,
UJJ01CML4EA6FT8KT,Capitulo2,Sinopsis 2,http://UJJ01CML4EA6FT8KT/Capitulo2,
VIL77OJZ8YW5JN9NX,Capitulo2,Sinopsis 2,http://VIL77OJZ8YW5JN9NX/Capitulo2,
TKG17QXX9OG1PH0KP,Capitulo2,Sinopsis 2,http://TKG17QXX9OG1PH0KP/Capitulo2,
REY11SNB8TZ1WL3UR,Capitulo2,Sinopsis 2,http://REY11SNB8TZ1WL3UR/Capitulo2,
PSW30AWT1CP6HG3YY,Capitulo2,Sinopsis 2,http://PSW30AWT1CP6HG3YY/Capitulo2,
IUA89ETA3GV3OT1UZ,Capitulo2,Sinopsis 2,http://IUA89ETA3GV3OT1UZ/Capitulo2,
UAQ08YWV5BQ8WR8AE,Capitulo2,Sinopsis 2,http://UAQ08YWV5BQ8WR8AE/Capitulo2,
JQZ96SJP9CB9DL1EF,Capitulo2,Sinopsis 2,http://JQZ96SJP9CB9DL1EF/Capitulo2,
YON08UPV9BF8ZE0GX,Capitulo2,Sinopsis 2,http://YON08UPV9BF8ZE0GX/Capitulo2,
OYJ90XCH7BO7KA0OT,Capitulo2,Sinopsis 2,http://OYJ90XCH7BO7KA0OT/Capitulo2,
AED41YGJ9QI8DE5SV,Capitulo2,Sinopsis 2,http://AED41YGJ9QI8DE5SV/Capitulo2,
RRS31OFU6IU5JD4QR,Capitulo2,Sinopsis 2,http://RRS31OFU6IU5JD4QR/Capitulo2,
JQT00LRP2GO1JC6TK,Capitulo2,Sinopsis 2,http://JQT00LRP2GO1JC6TK/Capitulo2,
ZUS41LDS7YE5NW3XZ,Capitulo2,Sinopsis 2,http://ZUS41LDS7YE5NW3XZ/Capitulo2,
CUF69RVJ6GU8OW0FB,Capitulo2,Sinopsis 2,http://CUF69RVJ6GU8OW0FB/Capitulo2,
BDX62CCF0MU6DK2MQ,Capitulo2,Sinopsis 2,http://BDX62CCF0MU6DK2MQ/Capitulo2,
JSM57VZJ2LP6KB9RO,Capitulo2,Sinopsis 2,http://JSM57VZJ2LP6KB9RO/Capitulo2,
CLO65IQO1RD5YO2LY,Capitulo2,Sinopsis 2,http://CLO65IQO1RD5YO2LY/Capitulo2,
ZRR00VUA1WS2TS0KE,Capitulo2,Sinopsis 2,http://ZRR00VUA1WS2TS0KE/Capitulo2,
RNF82DBG3MR4TW9IR,Capitulo2,Sinopsis 2,http://RNF82DBG3MR4TW9IR/Capitulo2,
APW07IUP6UN6ZE1AT,Capitulo2,Sinopsis 2,http://APW07IUP6UN6ZE1AT/Capitulo2,
OXJ08KMI9IL0VA8GM,Capitulo2,Sinopsis 2,http://OXJ08KMI9IL0VA8GM/Capitulo2,
YUW53DMP9DA4VK1OT,Capitulo2,Sinopsis 2,http://YUW53DMP9DA4VK1OT/Capitulo2,
KXW18CIY5FI5ME0PL,Capitulo2,Sinopsis 2,http://KXW18CIY5FI5ME0PL/Capitulo2,
FHR70WTM3EO0OD9DK,Capitulo2,Sinopsis 2,http://FHR70WTM3EO0OD9DK/Capitulo2,
IRP43GZD6EC9EZ4ZA,Capitulo2,Sinopsis 2,http://IRP43GZD6EC9EZ4ZA/Capitulo2,
DFQ17ZRS3UG4EF4FE,Capitulo2,Sinopsis 2,http://DFQ17ZRS3UG4EF4FE/Capitulo2,
KAD52BCD3YM1QD6DJ,Capitulo2,Sinopsis 2,http://KAD52BCD3YM1QD6DJ/Capitulo2,
AUF30OIR4DN3ZW8WQ,Capitulo2,Sinopsis 2,http://AUF30OIR4DN3ZW8WQ/Capitulo2,
ZJN64LCB5CW0ZJ7TH,Capitulo2,Sinopsis 2,http://ZJN64LCB5CW0ZJ7TH/Capitulo2,
LVW21JRF5QP8ZB7EJ,Capitulo2,Sinopsis 2,http://LVW21JRF5QP8ZB7EJ/Capitulo2,
KYO95PQG3XM9OJ8FR,Capitulo2,Sinopsis 2,http://KYO95PQG3XM9OJ8FR/Capitulo2,
NJI32YCS4YU3LI3YG,Capitulo2,Sinopsis 2,http://NJI32YCS4YU3LI3YG/Capitulo2,
KZT49SOS8QJ5SJ2ZY,Capitulo2,Sinopsis 2,http://KZT49SOS8QJ5SJ2ZY/Capitulo2,
EER21HCY8JR1PW6EG,Capitulo2,Sinopsis 2,http://EER21HCY8JR1PW6EG/Capitulo2,
RRN22FQR8QX8WI4PM,Capitulo2,Sinopsis 2,http://RRN22FQR8QX8WI4PM/Capitulo2,
VNA26GSI9PI4CH8GK,Capitulo2,Sinopsis 2,http://VNA26GSI9PI4CH8GK/Capitulo2,
SYE06JVH6FY8GN7GE,Capitulo2,Sinopsis 2,http://SYE06JVH6FY8GN7GE/Capitulo2,
NBI54TJM1TZ2NK9QN,Capitulo2,Sinopsis 2,http://NBI54TJM1TZ2NK9QN/Capitulo2,
KDG94PFB2WC4UM4JD,Capitulo2,Sinopsis 2,http://KDG94PFB2WC4UM4JD/Capitulo2,
GWT12KNH6MV7DH2GO,Capitulo2,Sinopsis 2,http://GWT12KNH6MV7DH2GO/Capitulo2,
ZIB70ACW2IY1BC5YV,Capitulo2,Sinopsis 2,http://ZIB70ACW2IY1BC5YV/Capitulo2,
NFK13RXD4HR7UH0BM,Capitulo2,Sinopsis 2,http://NFK13RXD4HR7UH0BM/Capitulo2,
DBF04IUR6LO8PQ8PG,Capitulo2,Sinopsis 2,http://DBF04IUR6LO8PQ8PG/Capitulo2,
SJB94KSS0ME0WC7YV,Capitulo2,Sinopsis 2,http://SJB94KSS0ME0WC7YV/Capitulo2,
HLD48YUQ5QL7IP4CJ,Capitulo2,Sinopsis 2,http://HLD48YUQ5QL7IP4CJ/Capitulo2,
UTX86APU3GG8TD3QK,Capitulo2,Sinopsis 2,http://UTX86APU3GG8TD3QK/Capitulo2,
FAE66WGD6QA1UJ2MU,Capitulo2,Sinopsis 2,http://FAE66WGD6QA1UJ2MU/Capitulo2,
HHR34GOT8RJ6VJ8WX,Capitulo2,Sinopsis 2,http://HHR34GOT8RJ6VJ8WX/Capitulo2,
ZTJ96HBF2ZY5MB2KL,Capitulo2,Sinopsis 2,http://ZTJ96HBF2ZY5MB2KL/Capitulo2,
GQS32RVU9MZ0ZL8MC,Capitulo2,Sinopsis 2,http://GQS32RVU9MZ0ZL8MC/Capitulo2,
XWE00UYE2UI4WE1YG,Capitulo2,Sinopsis 2,http://XWE00UYE2UI4WE1YG/Capitulo2,
RTX34RXN4CH7OG4ME,Capitulo2,Sinopsis 2,http://RTX34RXN4CH7OG4ME/Capitulo2,
CBJ84TJI0WB0KK7KU,Capitulo2,Sinopsis 2,http://CBJ84TJI0WB0KK7KU/Capitulo2,
XVO84IPE3AG2PF9IM,Capitulo2,Sinopsis 2,http://XVO84IPE3AG2PF9IM/Capitulo2,
LOG93WLV2MA5KY6DG,Capitulo2,Sinopsis 2,http://LOG93WLV2MA5KY6DG/Capitulo2,
NYQ39PVW3KH4QN6PG,Capitulo2,Sinopsis 2,http://NYQ39PVW3KH4QN6PG/Capitulo2,
BSB41OKC5NA4DG0RF,Capitulo2,Sinopsis 2,http://BSB41OKC5NA4DG0RF/Capitulo2,
AUF54BLV7CS1AJ8TO,Capitulo2,Sinopsis 2,http://AUF54BLV7CS1AJ8TO/Capitulo2,
TOA00UZS9CM2VF1ZI,Capitulo2,Sinopsis 2,http://TOA00UZS9CM2VF1ZI/Capitulo2,
XIB02YCO2ZD3SO2LX,Capitulo2,Sinopsis 2,http://XIB02YCO2ZD3SO2LX/Capitulo2,
WYB24IMX6VE0YT7PN,Capitulo2,Sinopsis 2,http://WYB24IMX6VE0YT7PN/Capitulo2,
KNT18UWF3SG9CG6OL,Capitulo2,Sinopsis 2,http://KNT18UWF3SG9CG6OL/Capitulo2,
XGW81CIA8SZ8PY3EJ,Capitulo2,Sinopsis 2,http://XGW81CIA8SZ8PY3EJ/Capitulo2,
ZSI11CZQ4LT4OP8IT,Capitulo2,Sinopsis 2,http://ZSI11CZQ4LT4OP8IT/Capitulo2,
ZVW24ZLK9LP6IS7KT,Capitulo2,Sinopsis 2,http://ZVW24ZLK9LP6IS7KT/Capitulo2,
ZAB14VZJ1HQ6CH5VA,Capitulo2,Sinopsis 2,http://ZAB14VZJ1HQ6CH5VA/Capitulo2,
EMS30HDN6KC8DH4JD,Capitulo2,Sinopsis 2,http://EMS30HDN6KC8DH4JD/Capitulo2,
NST63TBU9HF4HI4WW,Capitulo2,Sinopsis 2,http://NST63TBU9HF4HI4WW/Capitulo2,
OBT67PQE8DP6JR2OL,Capitulo2,Sinopsis 2,http://OBT67PQE8DP6JR2OL/Capitulo2,
PXK71RAS0MW5EV3BQ,Capitulo2,Sinopsis 2,http://PXK71RAS0MW5EV3BQ/Capitulo2,
NSK05XJI2RQ8ZL8CD,Capitulo2,Sinopsis 2,http://NSK05XJI2RQ8ZL8CD/Capitulo2,
LXD86CTU0SR7IM5HT,Capitulo2,Sinopsis 2,http://LXD86CTU0SR7IM5HT/Capitulo2,
EOK21JUK9XY1FV1JK,Capitulo2,Sinopsis 2,http://EOK21JUK9XY1FV1JK/Capitulo2,
ISO31GVK8HF5ZV9IH,Capitulo2,Sinopsis 2,http://ISO31GVK8HF5ZV9IH/Capitulo2,
IOB05OOC2TP7LF7PJ,Capitulo2,Sinopsis 2,http://IOB05OOC2TP7LF7PJ/Capitulo2,
JMX67ZHF1EW3VW4DY,Capitulo2,Sinopsis 2,http://JMX67ZHF1EW3VW4DY/Capitulo2,
QJK28WTG4FY2BY5IR,Capitulo2,Sinopsis 2,http://QJK28WTG4FY2BY5IR/Capitulo2,
FUQ01SVD7RB9IC3EW,Capitulo2,Sinopsis 2,http://FUQ01SVD7RB9IC3EW/Capitulo2,
EMF69IGF1KF1UK2XO,Capitulo2,Sinopsis 2,http://EMF69IGF1KF1UK2XO/Capitulo2,
KDW72QUZ9PT8YV4KE,Capitulo2,Sinopsis 2,http://KDW72QUZ9PT8YV4KE/Capitulo2,
BWQ02BZB8CW0WH2YG,Capitulo2,Sinopsis 2,http://BWQ02BZB8CW0WH2YG/Capitulo2,
VDW67SWL5KZ1PR8CY,Capitulo2,Sinopsis 2,http://VDW67SWL5KZ1PR8CY/Capitulo2,
EVZ43FRW9LF1FY3AR,Capitulo2,Sinopsis 2,http://EVZ43FRW9LF1FY3AR/Capitulo2,
KNH85NOQ8ZJ7GW7IP,Capitulo2,Sinopsis 2,http://KNH85NOQ8ZJ7GW7IP/Capitulo2,
FDH79LYA3YN4UF9OL,Capitulo2,Sinopsis 2,http://FDH79LYA3YN4UF9OL/Capitulo2,
UTI44SIA5SU9NJ4FT,Capitulo2,Sinopsis 2,http://UTI44SIA5SU9NJ4FT/Capitulo2,
AWK52ZMS0UJ2IH2BC,Capitulo2,Sinopsis 2,http://AWK52ZMS0UJ2IH2BC/Capitulo2,
BHX63DXL7FM7VH0QE,Capitulo2,Sinopsis 2,http://BHX63DXL7FM7VH0QE/Capitulo2,
GAM02EGU1XZ0TM0JZ,Capitulo2,Sinopsis 2,http://GAM02EGU1XZ0TM0JZ/Capitulo2,
RLI46OTO8ET2CD1QC,Capitulo2,Sinopsis 2,http://RLI46OTO8ET2CD1QC/Capitulo2,
TFK64GIM5XH6HK2BU,Capitulo2,Sinopsis 2,http://TFK64GIM5XH6HK2BU/Capitulo2,
JLP13OJN1YH5YE7BY,Capitulo2,Sinopsis 2,http://JLP13OJN1YH5YE7BY/Capitulo2,
NPX52SJX5CF3AV1LD,Capitulo2,Sinopsis 2,http://NPX52SJX5CF3AV1LD/Capitulo2,
OSM76VIS1MY6SC5RD,Capitulo2,Sinopsis 2,http://OSM76VIS1MY6SC5RD/Capitulo2,
GFS51QDV4NZ5VC3EK,Capitulo2,Sinopsis 2,http://GFS51QDV4NZ5VC3EK/Capitulo2,
YHP32CBB9SI9LK9WO,Capitulo2,Sinopsis 2,http://YHP32CBB9SI9LK9WO/Capitulo2,
DOP76OKU0OE7UA7RP,Capitulo2,Sinopsis 2,http://DOP76OKU0OE7UA7RP/Capitulo2,
TQL90KHX8YH3XH8SD,Capitulo2,Sinopsis 2,http://TQL90KHX8YH3XH8SD/Capitulo2,